{
  "type": "questsmp:multiple",
  "cooldown": 6000,
  "data": {
    "abilities": [
      {
        "type": "questsmp:spawn/projectile",
        "data": {
          "entity": "minecraft:fireball",
          "speed": 2
        }
      },
      {
        "type": "questsmp:delay_ability",
        "data": {
          "delay": 1,
          "ability": {
            "type": "questsmp:run_command",
            "data": {
              "command": "execute at @s as @e[type=fireball,distance=..5] run data merge entity @s {power:[4.,4.,4.],ExplosionPower:3}"
            }
          }
        }
      }
    ]
  },
  "keybind": {
    "key": "key.questsmp.primary_ability"
  },
  "particles": [
    {
      "type": "questsmp:simple",
      "y": 1.335,
      "dx": 1.43,
      "dz": 1.43,
      "dy": 0.2,
      "count": 15,
      "speed": 0.2,
      "particle_type": "minecraft:flame"
    }
  ]
}