{
  "type": "questsmp:ammunition",
  "cooldown": 6000,
  "data": {
    "max_ammo": 5,
    "ability": {
      "type": "questsmp:spawn/look_pos",
      "data": {
        "entity": "minecraft:lightning_bolt"
      }
    }
  },
  "keybind": {
    "key": "key.questsmp.secondary_ability"
  },
  "particles": [
    {
      "type": "questsmp:simple",
      "particle_type": "minecraft:electric_spark",
      "y": 0.2,
      "dx": 1.3,
      "dz": 1.3,
      "dy": 0.1,
      "count": 45,
      "speed": 0.7
    }
  ]
}