{
  "model": {
    "item": "minecraft:emerald",
    "id": 10
  },
  "abilities": [
    {
      "level": {
        "min": 1
      },
      "passive": [ "questsmp:earth/farmers_glitch" ]
    },
    {
      "level": {
        "min": 2
      },
      "passive": [
        "questsmp:earth/gaias_blessing/show_marked",
        "questsmp:earth/gaias_blessing/toggle_mark"
      ],
      "active": [
        "questsmp:earth/gaias_blessing/heal_radius"
      ]
    }
  ],
  "color": "#592F31",
  "char": "\ue001"
}