{
  "model": {
    "item": "minecraft:emerald",
    "id": 50
  },
  "abilities": [
    {
      "level": {
        "min": 1
      },
      "passive": [ "questsmp:speed/ultimate_speed" ]
    },
    {
      "level": {
        "min": 2
      },
      "active": [
        "questsmp:speed/fast_dig"
      ]
    },
    {
      "level": {
        "min": 3
      },
      "active": [
        "questsmp:speed/thors_thunder"
      ]
    }
  ],
  "color": "#F0D68A",
  "char": "\ue005"
}