{
  "model": {
    "item": "minecraft:emerald",
    "id": 70
  },
  "abilities": [
    {
      "level": {
        "min": 1
      },
      "passive": [ "questsmp:water/amphibious" ]
    },
    {
      "level": {
        "min": 2
      },
      "active": [
        "questsmp:water/puffer_zone"
      ]
    },
    {
      "level": {
        "min": 3
      },
      "active": [
        "questsmp:water/neptunes_might"
      ]
    }
  ],
  "color": "#2C7B9E",
  "char": "\ue007"
}