{
  "parent": "questsmp:quests/root",
  "display": {
    "icon": {
      "item": "minecraft:sculk_sensor"
    },
    "title": {
      "text": "Kill Warden"
    },
    "description": {
      "text": "kill the warden"
    },
    "announce_to_chat": false,
    "hidden": true,
    "show_toast": false
  },
  "criteria": {
    "hasTag": {
      "trigger": "minecraft:tick",
      "conditions": {
        "player": {
          "nbt": "{\"Tags\":[\"otq_questsmp.quests-kill_warden_twice\"]}"
        }
      }
    },
    "warden_kill": {
      "conditions": {
        "entity": {
          "type": "minecraft:warden"
        }
      },
      "trigger": "minecraft:player_killed_entity"
    }
  },
  "requirements": [
    ["warden_kill",
    "hasTag"]
  ],
  "rewards": {
    "function": "questsmp:increment/kill_warden"
  }
}