{
  "parent": "questsmp:quests/root",
  "display": {
    "icon": {
      "item": "minecraft:chest"
    },
    "title": {
      "text": "Open a Shipwreck Chest"
    },
    "description": {
      "text": "open shipwreck chest"
    },
    "announce_to_chat": false,
    "hidden": true,
    "show_toast": false
  },
  "criteria": {
    "hasTag": {
      "trigger": "minecraft:tick",
      "conditions": {
        "player": {
          "nbt": "{\"Tags\":[\"otq_questsmp.quests-open_20_shipwreck_chests\"]}"
        }
      }
    },
    "shipwreck_map": {
      "conditions": {
        "loot_table": "minecraft:chests/shipwreck_map"
      },
      "trigger": "minecraft:player_generates_container_loot"
    },
    "shipwreck_supply": {
      "conditions": {
        "loot_table": "minecraft:chests/shipwreck_supply"
      },
      "trigger": "minecraft:player_generates_container_loot"
    },
    "shipwreck_treasure": {
      "conditions": {
        "loot_table": "minecraft:chests/shipwreck_treasure"
      },
      "trigger": "minecraft:player_generates_container_loot"
    }
  },
  "requirements": [
    ["shipwreck_map","shipwreck_supply","shipwreck_treasure"],
    ["hasTag"]
  ],
  "rewards": {
    "function": "questsmp:increment/found_shipwreck_chest"
  }
}