{
  "parent": "questsmp:quests/root",
  "display": {
    "icon": {
      "item": "minecraft:chest"
    },
    "title": {
      "text": "Open a Shipwreck Chest"
    },
    "description": {
      "text": "open shipwreck chest"
    },
    "announce_to_chat": false,
    "hidden": true,
    "show_toast": false
  },
  "criteria": {
    "hasTag": {
      "trigger": "minecraft:tick",
      "conditions": {
        "player": {
          "nbt": "{\"Tags\":[\"otq_open_20_shipwreck_chests\"]}"
        }
      }
    },
    "shipwreck": {
      "conditions": {
        "loot_tables": [
          "minecraft:chests/shipwreck_map",
          "minecraft:chests/shipwreck_supply",
          "minecraft:chests/shipwreck_treasure"
        ]
      },
      "trigger": "questsmp:player_open_new_loot_chest"
    }
  },
  "requirements": [
    "shipwreck",
    "hasTag"
  ],
  "rewards": {
    "function": "questsmp:increment/found_shipwreck_chest"
  }
}