{
  "type": "questsmp:effects/add",
  "conditions": [
    {
      "type": "questsmp:submerged_in",
      "fluid": "minecraft:water"
    }
  ],
  "data": {
    "effects": [
      {
        "id": "minecraft:haste",
        "duration": 1000000,
        "amplifier": 2,
        "ambient": true,
        "particles": false
      },
      {
        "id": "minecraft:night_vision",
        "duration": 1000000,
        "amplifier": 2,
        "ambient": true,
        "particles": false
      },
      {
        "id": "minecraft:water_breathing",
        "duration": 1000000,
        "amplifier": 2,
        "ambient": true,
        "particles": false
      }
    ]
  }
}