{
  "type": "questsmp:effects/add",
  "cooldown": 6000,
  "data": {
    "effects": [
      {
        "id": "minecraft:absorption",
        "duration": 600,
        "amplifier": 2,
        "ambient": true,
        "particles": false
      },
      {
        "id": "minecraft:resistance",
        "duration": 600,
        "amplifier": 2,
        "ambient": true,
        "particles": false
      }
    ]
  },
  "keybind": {
    "key": "key.questsmp.secondary_ability"
  },
  "particles": [
    {
      "type": "questsmp:simple",
      "particle_type": "minecraft:dust",
      "particle_data": {
        "color": [1.0, 1.0, 1.0],
        "scale": 0.3
      },
      "y": 0.2,
      "dx": 1.3,
      "dz": 1.3,
      "dy": 0.1,
      "count": 45,
      "speed": 0.7
    },
    {
      "type": "questsmp:simple",
      "particle_type": "minecraft:dust",
      "particle_data": {
        "color": [0.42745098039215684, 1.0, 0.49411764705882355],
        "scale": 0.3
      },
      "y": 0.2,
      "dx": 1.3,
      "dz": 1.3,
      "dy": 0.1,
      "count": 45,
      "speed": 0.7
    }
  ]
}