{
  "type": "questsmp:attack/area",
  "cooldown": 6000,
  "data": {
    "ignore_self": true,
    "max_radius": 10,
    "ability": {
      "type": "questsmp:effects/add",
      "data": {
        "effects": [
          {
            "id": "minecraft:poison",
            "duration": 2400,
            "amplifier": 1,
            "ambient": true,
            "particles": false
          }
        ]
      }
    }
  },
  "keybind": {
    "key": "key.questsmp.primary_ability"
  },
  "particles": [
    {
      "type": "questsmp:circle",
      "particle_type": "minecraft:dust",
      "particle_data": {
        "color": [0.0, 1.0, 0.0],
        "scale": 0.3
      },
      "y": 0.2,
      "count": 3,
      "speed": 0.7
    }
  ]
}