{
  "type": "questsmp:effects/disable",
  "cooldown": 8400,
  "data": {
    "effects": ["minecraft:blindness", "minecraft:slowness", "minecraft:weakness", "minecraft:nausea"],
    "duration": 6000
  },
  "keybind": {
    "key": "key.questsmp.primary_ability"
  },
  "particles": [
    {
      "type": "questsmp:simple",
      "particle_type": "minecraft:dust",
      "particle_data": {
        "color": [1.0, 1.0, 1.0],
        "scale": 0.3
      },
      "y": 0.2,
      "dx": 1.3,
      "dz": 1.3,
      "dy": 0.1,
      "count": 45,
      "speed": 0.7
    },
    {
      "type": "questsmp:simple",
      "particle_type": "minecraft:dust",
      "particle_data": {
        "color": [0.5, 0.5, 0.5],
        "scale": 0.3
      },
      "y": 0.2,
      "dx": 1.3,
      "dz": 1.3,
      "dy": 0.1,
      "count": 45,
      "speed": 0.7
    }
  ]
}