{
  "parent": "questsmp:quests/root",
  "display": {
    "icon": {
      "item": "minecraft:oak_log"
    },
    "title": {
      "text": "Collect Every Log"
    },
    "description": {
      "text": "Collect every log, and have them in your inventory."
    },
    "announce_to_chat": false
  },
  "criteria": {
    "hasTag": {
      "trigger": "minecraft:tick",
      "conditions": {
        "player": {
          "nbt": "{\"Tags\":[\"otq_questsmp.quests-get_all_wood_types\"]}"
        }
      }
    },
    "welp": {
      "trigger": "minecraft:inventory_changed",
      "conditions": {
        "items": [
          {
            "count": {
              "min": 1
            },
            "items": [
              "minecraft:oak_log"
            ]
          },
          {
            "count": {
              "min": 1
            },
            "items": [
              "minecraft:spruce_log"
            ]
          },
          {
            "count": {
              "min": 1
            },
            "items": [
              "minecraft:birch_log"
            ]
          },
          {
            "count": {
              "min": 1
            },
            "items": [
              "minecraft:jungle_log"
            ]
          },
          {
            "count": {
              "min": 1
            },
            "items": [
              "minecraft:acacia_log"
            ]
          },
          {
            "count": {
              "min": 1
            },
            "items": [
              "minecraft:dark_oak_log"
            ]
          },
          {
            "count": {
              "min": 1
            },
            "items": [
              "minecraft:mangrove_log"
            ]
          },
          {
            "count": {
              "min": 1
            },
            "items": [
              "minecraft:crimson_stem"
            ]
          },
          {
            "count": {
              "min": 1
            },
            "items": [
              "minecraft:warped_stem"
            ]
          }
        ]
      }
    }
  },
  "requirements": [
    ["welp",
    "hasTag"]
  ]
}