{
  "type": "questsmp:effects/add",
  "cooldown": 12000,
  "conditions": [
    {
      "type": "questsmp:compare",
      "data": {
        "input": "Health",
        "type": "float",
        "comparison": "<=",
        "value": 6
      }
    }
  ],
  "data": {
    "effects": [
      {
        "id": "minecraft:absorption",
        "duration": 400,
        "amplifier": 2,
        "ambient": true,
        "particles": false
      }
    ]
  },
  "particles": [
    {
      "type": "questsmp:simple",
      "particle_type": "minecraft:dust",
      "particle_data": {
        "color": [1.0, 0.0, 0.0],
        "scale": 0.3
      },
      "y": 0.2,
      "dx": 1.3,
      "dz": 1.3,
      "dy": 0.1,
      "count": 45,
      "speed": 0.7
    },
    {
      "type": "questsmp:simple",
      "particle_type": "minecraft:dust",
      "particle_data": {
        "color": [1.0, 0.8470588235294118, 0.0],
        "scale": 0.3
      },
      "y": 0.2,
      "dx": 1.3,
      "dz": 1.3,
      "dy": 0.1,
      "count": 45,
      "speed": 0.7
    }
  ]
}